[
  {
    "icon": "fa fa-home",
    "slug": "external",
    "title": "Volver al inicio",
    "path": "index.html"
  }, 
  { 
    "id": 1,
    "icon": "fa fa-play-circle",
    "slug": "introduccion",
    "title": "Introducción",
    "breadcrumb": ["Inicio","Introducción"],
    "path": "pages/introduccion.html"  
  }, 
  { 
    "id": 1,
    "icon": "fa fa-play-circle",
    "slug": "Que_es_la_investigacion_de_mercados",
    "title": "1. ¿Qué es la investigación de mercados?",
    "breadcrumb": ["Inicio","Introducción"],
    "path": "pages/1-tema.html",    
    "submenu": [
      {
        "icon": "fa fa-file-text",
        "slug": "Que_es_la_investigacion_de_mercados",
        "title": "1.1 Tipos de investigación de mercados",
        "anchor": "11"
      },   
      {
        "icon": "fa fa-file-text",
        "slug": "Que_es_la_investigacion_de_mercados",
        "title": "1.2 Etapas y procesos de la investigación de mercados",
        "anchor": "12"
      },
      {
        "icon": "fa fa-file-text",
        "slug": "Que_es_la_investigacion_de_mercados",
        "title": "1.3 Métodos e instrumentos de recolección de datos",
        "anchor": "13"
      },
      {
        "icon": "fa fa-file-text",
        "slug": "Que_es_la_investigacion_de_mercados",
        "title": "1.4 Investigación de mercados internacionales",
        "anchor": "14"
      }      
    ]   
  },
  { 
    "id": 1,
    "icon": "fa fa-file-text",
    "slug": "Base_de_datos_y_aplicaciones_tecnologicas",
    "title": "2. Base de datos y aplicaciones tecnológicas",
    "breadcrumb": ["Inicio","Introducción"],
    "path": "pages/2-tema.html",    
    "submenu": [
      {
        "icon": "fa fa-file-text",
        "slug": "Base_de_datos_y_aplicaciones_tecnologicas",
        "title": "2.1 Base de datos",
        "anchor": "21"
      },   
      {
        "icon": "fa fa-file-text",
        "slug": "Base_de_datos_y_aplicaciones_tecnologicas",
        "title": "2.2 Aplicaciones tecnológicas",
        "anchor": "22"
      }       
    ]   
  }
]